{
  "page_001": 0.06666666666666667,
  "page_002": 0.2748091603053435,
  "page_014": 0.06403940886699508,
  "page_015": 0.15300546448087432,
  "page_016": 0.2088607594936709
}